inicio,fin,dur_min,nivel,vel_max_mm_hr,t_vel_max,disp_delta_mm
2025-08-04 11:20:00,2025-08-04 11:26:00,6.0,ALERTA,0.7307966666666671,2025-08-04 11:20:00,-0.07351177777777779
2025-08-04 12:16:00,2025-08-04 12:32:00,16.0,ALERTA,1.1426199999999995,2025-08-04 12:18:00,-0.29875477777777776
2025-08-04 21:56:00,2025-08-04 22:02:00,6.0,ALERTA,0.73305,2025-08-04 21:58:00,0.07405833333333334
2025-08-05 02:02:00,2025-08-05 02:18:00,16.0,ALERTA,0.8766566666666673,2025-08-05 02:08:00,0.2195906666666667
2025-08-06 02:36:00,2025-08-06 03:00:00,24.0,ALERTA,1.1877399999999976,2025-08-06 02:46:00,-0.4441552222222221
2025-08-06 03:26:00,2025-08-06 03:34:00,8.0,ALERTA,0.8552500000000007,2025-08-06 03:28:00,-0.11506855555555556
2025-08-06 04:12:00,2025-08-06 04:24:00,12.0,ALERTA,1.22755,2025-08-06 04:12:00,-0.2334951111111112
2025-08-06 07:52:00,2025-08-06 08:02:00,10.0,ALERTA,0.9056899999999934,2025-08-06 07:56:00,-0.15263366666666667
2025-08-06 08:20:00,2025-08-06 08:30:00,10.0,ALERTA,0.936579999999998,2025-08-06 08:22:00,0.15253222222222207
2025-08-07 01:38:00,2025-08-07 01:46:00,8.0,ALERTA,0.806323333333332,2025-08-07 01:40:00,-0.10612988888888886
2025-08-07 13:14:00,2025-08-07 13:20:00,6.0,ALERTA,0.8508733333333307,2025-08-07 13:16:00,0.08739266666666656
2025-08-07 14:34:00,2025-08-07 14:40:00,6.0,ALERTA,0.8849799999999963,2025-08-07 14:34:00,-0.08814055555555556
2025-08-08 03:42:00,2025-08-08 03:44:00,2.0,ALERTA,1.2683333333333358,2025-08-08 03:44:00,-0.04227777777777786
2025-08-08 03:46:00,2025-08-08 03:58:00,12.0,ALARMA,1.407273333333332,2025-08-08 03:46:00,-0.2765047777777778
2025-08-08 04:00:00,2025-08-08 04:32:00,32.0,ALERTA,1.2218266666666722,2025-08-08 04:20:00,-0.5501038888888891
2025-08-08 04:46:00,2025-08-08 05:00:00,14.0,ALERTA,1.24468666666667,2025-08-08 04:54:00,0.271741111111111
2025-08-09 04:22:00,2025-08-09 04:38:00,16.0,ALARMA,2.1568166666666677,2025-08-09 04:32:00,-0.559998
2025-08-09 04:48:00,2025-08-09 05:04:00,16.0,ALERTA,1.1995099999999992,2025-08-09 04:54:00,0.28034233333333325
2025-08-09 10:48:00,2025-08-09 10:48:00,0.0,ALERTA,0.9417966666666722,2025-08-09 10:48:00,0.0
2025-08-09 10:50:00,2025-08-09 11:06:00,16.0,ALARMA,2.5770366666666655,2025-08-09 11:00:00,-0.5880051111111113
2025-08-09 11:08:00,2025-08-09 11:10:00,2.0,ALERTA,1.258349999999997,2025-08-09 11:08:00,-0.027919777777777766
2025-08-09 11:18:00,2025-08-09 11:30:00,12.0,ALERTA,0.9032400000000007,2025-08-09 11:22:00,0.1691798888888889
2025-08-09 14:54:00,2025-08-09 15:00:00,6.0,ALERTA,0.7628433333333229,2025-08-09 14:56:00,0.08360088888888861
2025-08-09 15:22:00,2025-08-09 15:28:00,6.0,ALERTA,0.7432766666666613,2025-08-09 15:24:00,-0.07573233333333329
2025-08-11 15:46:00,2025-08-11 15:50:00,4.0,ALERTA,0.7370333333333257,2025-08-11 15:46:00,-0.04913555555555571
2025-08-11 17:54:00,2025-08-11 17:58:00,4.0,ALERTA,0.7275933333333251,2025-08-11 17:54:00,-0.055806333333333624
2025-08-12 11:20:00,2025-08-12 11:34:00,14.0,ALERTA,0.9634999999999971,2025-08-12 11:26:00,0.22017266666666657
2025-08-13 01:18:00,2025-08-13 01:24:00,6.0,ALERTA,0.8181199999999933,2025-08-13 01:20:00,0.08603622222222196
2025-08-13 02:06:00,2025-08-13 02:12:00,6.0,ALERTA,1.2577666666666532,2025-08-13 02:12:00,-0.11091177777777772
2025-08-13 02:14:00,2025-08-13 02:32:00,18.0,ALARMA,1.6618333333333224,2025-08-13 02:18:00,-0.4933378888888891
2025-08-13 02:34:00,2025-08-13 02:38:00,4.0,ALERTA,1.2460133333333268,2025-08-13 02:34:00,-0.08204433333333361
2025-08-13 10:52:00,2025-08-13 10:56:00,4.0,ALERTA,0.7451566666666576,2025-08-13 10:52:00,-0.049677111111111394
2025-08-13 15:56:00,2025-08-13 16:02:00,6.0,ALERTA,0.7248766666666606,2025-08-13 15:56:00,0.07366666666666699
2025-08-14 12:10:00,2025-08-14 12:20:00,10.0,ALERTA,0.962573333333343,2025-08-14 12:14:00,-0.1572287777777781
2025-08-15 10:36:00,2025-08-15 10:50:00,14.0,ALERTA,1.1115200000000103,2025-08-15 10:42:00,0.2541436666666663
2025-08-15 11:30:00,2025-08-15 11:36:00,6.0,ALERTA,0.7637133333333246,2025-08-15 11:30:00,-0.07438166666666612
2025-08-15 18:16:00,2025-08-15 18:30:00,14.0,ALERTA,1.1204633333333236,2025-08-15 18:18:00,-0.25192533333333333
2025-08-15 18:44:00,2025-08-15 18:56:00,12.0,ALERTA,0.777906666666679,2025-08-15 18:48:00,0.16002944444444456
2025-08-18 13:34:00,2025-08-18 13:42:00,8.0,ALERTA,0.7074466666666757,2025-08-18 13:38:00,-0.09732988888888938
2025-08-20 10:08:00,2025-08-20 10:10:00,2.0,ALERTA,1.1149966666666744,2025-08-20 10:10:00,0.037166555555555814
2025-08-20 10:12:00,2025-08-20 10:18:00,6.0,ALARMA,1.4509733333333452,2025-08-20 10:14:00,0.15176555555555593
2025-08-20 10:20:00,2025-08-20 10:24:00,4.0,ALERTA,1.1799433333333242,2025-08-20 10:20:00,0.07290411111111172
2025-08-20 10:32:00,2025-08-20 10:38:00,6.0,ALERTA,1.0824533333333264,2025-08-20 10:38:00,-0.09543344444444424
2025-08-20 10:40:00,2025-08-20 10:46:00,6.0,ALARMA,1.336049999999993,2025-08-20 10:40:00,-0.13781222222222222
2025-08-20 10:48:00,2025-08-20 10:52:00,4.0,ALERTA,0.9198566666666563,2025-08-20 10:48:00,-0.05611577777777832
2025-08-20 12:02:00,2025-08-20 12:10:00,8.0,ALERTA,0.8850599999999975,2025-08-20 12:02:00,-0.11938766666666689
2025-08-20 12:20:00,2025-08-20 12:20:00,0.0,ALERTA,1.0817633333333232,2025-08-20 12:20:00,0.0
2025-08-20 12:22:00,2025-08-20 12:36:00,14.0,ALARMA,1.8333933333333219,2025-08-20 12:28:00,0.41353422222222225
2025-08-20 12:38:00,2025-08-20 12:38:00,0.0,ALERTA,0.7886533333333334,2025-08-20 12:38:00,0.0
2025-08-20 20:42:00,2025-08-20 20:52:00,10.0,ALERTA,0.8999299999999977,2025-08-20 20:44:00,-0.14429766666666666
2025-08-21 02:30:00,2025-08-21 02:46:00,16.0,ALERTA,0.987573333333307,2025-08-21 02:38:00,-0.24060477777777756
2025-08-21 07:08:00,2025-08-21 07:22:00,14.0,ALERTA,0.9818999999999978,2025-08-21 07:14:00,-0.2167035555555552
2025-08-21 07:38:00,2025-08-21 07:54:00,16.0,ALERTA,1.22809333333334,2025-08-21 07:48:00,0.30896411111111055
2025-08-21 08:20:00,2025-08-21 08:28:00,8.0,ALERTA,0.7501566666666637,2025-08-21 08:20:00,0.09972155555555506
2025-08-21 18:54:00,2025-08-21 19:02:00,8.0,ALERTA,0.7112300000000005,2025-08-21 18:54:00,-0.09443011111111099
2025-08-22 01:58:00,2025-08-22 02:06:00,8.0,ALERTA,0.9161633333333308,2025-08-22 02:02:00,-0.12955466666666693
2025-08-22 04:18:00,2025-08-22 04:18:00,0.0,ALERTA,0.9255500000000083,2025-08-22 04:18:00,0.0
2025-08-22 04:20:00,2025-08-22 04:30:00,10.0,ALARMA,1.4838833333333357,2025-08-22 04:22:00,0.2393361111111112
2025-08-22 04:32:00,2025-08-22 04:36:00,4.0,ALERTA,1.2820266666666669,2025-08-22 04:32:00,0.06535655555555575
2025-08-22 04:54:00,2025-08-22 05:10:00,16.0,ALERTA,1.2415866666666764,2025-08-22 05:10:00,-0.26369088888888914
2025-08-22 05:12:00,2025-08-22 05:28:00,16.0,ALARMA,2.085480000000004,2025-08-22 05:18:00,-0.5236931111111107
2025-08-22 08:32:00,2025-08-22 08:46:00,14.0,ALERTA,0.8814899999999914,2025-08-22 08:36:00,-0.2046547777777774
2025-08-22 10:20:00,2025-08-22 10:30:00,10.0,ALERTA,0.7476966666666929,2025-08-22 10:26:00,-0.1233535555555565
2025-08-22 13:46:00,2025-08-22 13:58:00,12.0,ALERTA,0.890826666666662,2025-08-22 13:50:00,-0.17523733333333347
2025-08-22 14:32:00,2025-08-22 14:44:00,12.0,ALERTA,0.884783333333381,2025-08-22 14:36:00,0.17164300000000043
2025-08-22 14:58:00,2025-08-22 15:04:00,6.0,ALERTA,0.7855800000000013,2025-08-22 15:00:00,-0.08873166666666688
2025-08-22 15:52:00,2025-08-22 15:54:00,2.0,ALERTA,1.1566633333333343,2025-08-22 15:54:00,-0.038555444444444475
2025-08-22 15:56:00,2025-08-22 16:10:00,14.0,ALARMA,1.9770100000000301,2025-08-22 16:02:00,-0.43609655555555626
2025-08-22 16:12:00,2025-08-22 16:40:00,28.0,ALERTA,1.20572666666666,2025-08-22 16:12:00,-0.43506644444444476
2025-08-22 17:34:00,2025-08-22 17:58:00,24.0,ALERTA,1.187080000000007,2025-08-22 17:58:00,0.39189988888888827
2025-08-22 18:00:00,2025-08-22 18:14:00,14.0,ALARMA,1.8132366666666577,2025-08-22 18:04:00,0.39531933333333313
2025-08-22 18:16:00,2025-08-22 18:18:00,2.0,ALERTA,1.0472166666666727,2025-08-22 18:16:00,0.028211333333332256
2025-08-22 18:56:00,2025-08-22 19:10:00,14.0,ALERTA,0.8619166666666445,2025-08-22 18:56:00,0.19173699999999982
2025-08-22 20:34:00,2025-08-22 20:34:00,0.0,ALERTA,0.7256166666666442,2025-08-22 20:34:00,0.0
2025-08-22 20:36:00,2025-08-22 20:46:00,10.0,ALARMA,1.3377166666666707,2025-08-22 20:38:00,0.22418055555555538
2025-08-22 20:48:00,2025-08-22 20:50:00,2.0,ALERTA,1.2961133333333352,2025-08-22 20:48:00,0.04177455555555554
2025-08-22 23:30:00,2025-08-22 23:36:00,6.0,ALERTA,0.790559999999978,2025-08-22 23:30:00,-0.07907900000000012
2025-08-22 23:48:00,2025-08-22 23:56:00,8.0,ALERTA,1.1452366666666514,2025-08-22 23:48:00,0.12911122222222193
2025-08-23 00:00:00,2025-08-23 00:10:00,10.0,ALERTA,0.874403333333369,2025-08-23 00:06:00,-0.14635655555555527
2025-08-23 01:10:00,2025-08-23 01:10:00,0.0,ALERTA,1.2226133333333067,2025-08-23 01:10:00,0.0
2025-08-23 01:12:00,2025-08-23 01:24:00,12.0,ALARMA,1.741023333333347,2025-08-23 01:16:00,-0.3450389999999999
2025-08-23 01:26:00,2025-08-23 01:26:00,0.0,ALERTA,1.0949233333333641,2025-08-23 01:26:00,0.0
2025-08-23 01:46:00,2025-08-23 02:00:00,14.0,ALERTA,1.0956733333333357,2025-08-23 01:46:00,-0.23975066666666667
2025-08-23 02:30:00,2025-08-23 02:46:00,16.0,ALARMA,2.50219333333332,2025-08-23 02:36:00,-0.5884257777777782
2025-08-23 02:48:00,2025-08-23 02:50:00,2.0,ALERTA,1.2373099999999937,2025-08-23 02:48:00,-0.03361855555555593
2025-08-23 03:00:00,2025-08-23 03:16:00,16.0,ALERTA,0.9891100000000197,2025-08-23 03:06:00,0.2454410555555553
2025-08-23 06:08:00,2025-08-23 06:22:00,14.0,ALERTA,0.9675733333333092,2025-08-23 06:10:00,-0.21100722222222146
2025-08-23 07:10:00,2025-08-23 07:20:00,10.0,ALERTA,0.7458099999999845,2025-08-23 07:14:00,-0.12258377777777785
2025-08-23 10:28:00,2025-08-23 10:38:00,10.0,ALERTA,0.7574366666666421,2025-08-23 10:32:00,-0.12367855555555529
2025-08-23 13:48:00,2025-08-23 14:04:00,16.0,ALERTA,1.019749999999986,2025-08-23 14:00:00,-0.2516773333333333
2025-08-23 14:40:00,2025-08-23 14:40:00,0.0,ALERTA,0.7589133333333464,2025-08-23 14:40:00,0.0
2025-08-23 14:42:00,2025-08-23 14:56:00,14.0,ALARMA,1.647933333333338,2025-08-23 14:46:00,-0.3818511111111125
2025-08-23 14:58:00,2025-08-23 14:58:00,0.0,ALERTA,1.0412299999999775,2025-08-23 14:58:00,0.0
2025-08-23 15:54:00,2025-08-23 15:54:00,0.0,ALERTA,1.0844933333333184,2025-08-23 15:54:00,0.0
2025-08-23 15:56:00,2025-08-23 16:02:00,6.0,ALARMA,1.3729800000000125,2025-08-23 15:56:00,0.14054133333333318
2025-08-23 16:04:00,2025-08-23 16:10:00,6.0,ALERTA,1.2594666666666576,2025-08-23 16:04:00,0.1076811111111109
2025-08-23 17:32:00,2025-08-23 17:32:00,0.0,ALERTA,0.7916166666666768,2025-08-23 17:32:00,0.0
2025-08-23 17:34:00,2025-08-23 17:48:00,14.0,ALARMA,1.6891800000000057,2025-08-23 17:38:00,0.3723124444444448
2025-08-23 17:50:00,2025-08-23 17:50:00,0.0,ALERTA,0.7266700000000004,2025-08-23 17:50:00,0.0
2025-08-23 18:00:00,2025-08-23 18:06:00,6.0,ALERTA,1.2968866666666656,2025-08-23 18:06:00,-0.1324106666666669
2025-08-23 18:08:00,2025-08-23 18:22:00,14.0,ALARMA,1.5966266666666762,2025-08-23 18:12:00,-0.3681381111111106
2025-08-23 18:24:00,2025-08-23 18:28:00,4.0,ALERTA,1.1741566666666703,2025-08-23 18:24:00,-0.06721388888888935
2025-08-23 21:08:00,2025-08-23 21:20:00,12.0,ALERTA,0.8693366666666691,2025-08-23 21:10:00,-0.17846899999999977
2025-08-23 22:02:00,2025-08-23 22:24:00,22.0,ALERTA,0.9731333333333403,2025-08-23 22:16:00,0.3108508888888881
2025-08-23 22:32:00,2025-08-23 22:42:00,10.0,ALERTA,1.124043333333331,2025-08-23 22:34:00,-0.1790977777777787
2025-08-23 22:48:00,2025-08-23 23:06:00,18.0,ALARMA,3.541320000000008,2025-08-23 22:52:00,0.9411720000000008
2025-08-23 23:20:00,2025-08-23 23:36:00,16.0,ALERTA,1.2378399999999878,2025-08-23 23:24:00,0.3004949444444449
2025-08-24 00:00:00,2025-08-24 00:04:00,4.0,ALERTA,0.8650599999999997,2025-08-24 00:00:00,-0.06086388888888905
2025-08-24 00:24:00,2025-08-24 00:40:00,16.0,ALERTA,1.2225766666666438,2025-08-24 00:30:00,-0.3007130000000009
2025-08-24 00:48:00,2025-08-24 01:00:00,12.0,ALERTA,1.045700000000016,2025-08-24 00:52:00,0.21321788888888982
2025-08-24 01:14:00,2025-08-24 01:32:00,18.0,ALERTA,1.106253333333349,2025-08-24 01:24:00,-0.2977523333333334
2025-08-24 02:26:00,2025-08-24 02:34:00,8.0,ALERTA,0.8393766666666647,2025-08-24 02:26:00,0.10818166666666684
2025-08-24 02:56:00,2025-08-24 03:00:00,4.0,ALERTA,1.2167766666666857,2025-08-24 03:00:00,0.08107044444444522
2025-08-24 03:02:00,2025-08-24 03:18:00,16.0,ALARMA,1.7092400000000385,2025-08-24 03:08:00,0.4286293333333333
2025-08-24 03:20:00,2025-08-24 03:22:00,2.0,ALERTA,1.0847799999999896,2025-08-24 03:20:00,0.02643477777777914
2025-08-24 03:28:00,2025-08-24 03:44:00,16.0,ALERTA,1.2907600000000041,2025-08-24 03:32:00,-0.3096357777777774
2025-08-24 07:26:00,2025-08-24 07:38:00,12.0,ALERTA,0.975423333333314,2025-08-24 07:26:00,-0.1911737777777791
2025-08-24 08:40:00,2025-08-24 08:56:00,16.0,ALERTA,1.1843866666666614,2025-08-24 08:50:00,0.30961744444444506
2025-08-24 11:38:00,2025-08-24 11:44:00,6.0,ALERTA,0.7016233333333322,2025-08-24 11:40:00,-0.07191100000000006
2025-08-25 12:12:00,2025-08-25 12:28:00,16.0,ALARMA,1.8887766666666383,2025-08-25 12:16:00,0.4867596666666669
2025-08-26 10:28:00,2025-08-26 10:28:00,0.0,ALERTA,0.7256233333333295,2025-08-26 10:28:00,0.0
2025-08-26 10:30:00,2025-08-26 10:40:00,10.0,ALARMA,1.4869333333333223,2025-08-26 10:36:00,0.2429406666666667
2025-08-26 10:42:00,2025-08-26 10:46:00,4.0,ALERTA,1.0820033333333434,2025-08-26 10:42:00,0.06601288888888934
2025-08-26 10:54:00,2025-08-26 11:06:00,12.0,ALERTA,0.8174199999999754,2025-08-26 10:58:00,0.15843166666666697
2025-08-26 13:50:00,2025-08-26 14:04:00,14.0,ALERTA,1.1283333333333445,2025-08-26 13:56:00,-0.24947000000000008
2025-08-27 04:24:00,2025-08-27 04:38:00,14.0,ALERTA,0.9253266666666615,2025-08-27 04:28:00,0.20625529629629646
2025-08-27 08:38:00,2025-08-27 08:54:00,16.0,ALERTA,1.1012466666666576,2025-08-27 08:46:00,0.28130977777777755
2025-08-27 09:18:00,2025-08-27 09:34:00,16.0,ALERTA,1.1461633333333054,2025-08-27 09:20:00,-0.295469999999999
2025-08-27 10:56:00,2025-08-27 11:08:00,12.0,ALERTA,0.8747966666666862,2025-08-27 11:00:00,-0.16438333333333333
2025-08-27 20:26:00,2025-08-27 20:34:00,8.0,ALERTA,1.1438466666666436,2025-08-27 20:34:00,-0.14065100000000008
2025-08-27 20:36:00,2025-08-27 20:40:00,4.0,ALARMA,1.3000933333333453,2025-08-27 20:36:00,-0.08772677777777815
2025-08-27 20:42:00,2025-08-27 20:44:00,2.0,ALERTA,1.1119966666666414,2025-08-27 20:42:00,-0.02533277777777787
2025-08-27 21:06:00,2025-08-27 21:08:00,2.0,ALERTA,1.1831866666666535,2025-08-27 21:08:00,0.03943955555555512
2025-08-27 21:10:00,2025-08-27 21:20:00,10.0,ALARMA,1.4712066666666779,2025-08-27 21:12:00,0.2423944444444439
2025-08-27 21:22:00,2025-08-27 21:24:00,2.0,ALERTA,0.8018966666667016,2025-08-27 21:22:00,0.02525022222222173
2025-08-28 10:30:00,2025-08-28 10:36:00,6.0,ALERTA,0.7047500000000273,2025-08-28 10:30:00,0.0736501111111103
2025-08-28 12:32:00,2025-08-28 12:38:00,6.0,ALERTA,0.7332299999999847,2025-08-28 12:34:00,-0.07410344444444394
2025-08-29 01:06:00,2025-08-29 01:08:00,2.0,ALERTA,1.1267499999999941,2025-08-29 01:08:00,-0.03755833333333314
2025-08-29 01:10:00,2025-08-29 01:22:00,12.0,ALARMA,1.4833500000000122,2025-08-29 01:12:00,-0.3120074444444443
2025-08-29 01:54:00,2025-08-29 02:20:00,26.0,ALERTA,1.1581366666666693,2025-08-29 02:12:00,-0.43132355555555524
2025-08-29 02:30:00,2025-08-29 02:50:00,20.0,ALERTA,1.1833366666666745,2025-08-29 02:50:00,0.3248187777777769
2025-08-29 02:52:00,2025-08-29 03:02:00,10.0,ALARMA,2.482579999999981,2025-08-29 02:52:00,0.41556322222222253
2025-08-29 03:04:00,2025-08-29 03:04:00,0.0,ALERTA,1.2778033333333472,2025-08-29 03:04:00,0.0
2025-08-29 03:10:00,2025-08-29 03:28:00,18.0,ALARMA,2.6941099999999985,2025-08-29 03:18:00,-0.6768102222222225
2025-08-29 03:30:00,2025-08-29 03:30:00,0.0,ALERTA,1.0612799999999822,2025-08-29 03:30:00,0.0
2025-08-29 05:34:00,2025-08-29 05:46:00,12.0,ALERTA,0.910460000000004,2025-08-29 05:40:00,0.1769367777777786
2025-08-29 07:20:00,2025-08-29 07:26:00,6.0,ALERTA,1.2544266666666726,2025-08-29 07:26:00,0.11232388888888956
2025-08-29 07:28:00,2025-08-29 07:32:00,4.0,ALARMA,1.3073366666666342,2025-08-29 07:28:00,0.08899200000000107
2025-08-29 07:34:00,2025-08-29 07:40:00,6.0,ALERTA,1.146049999999974,2025-08-29 07:34:00,0.07858233333333331
2025-08-29 08:52:00,2025-08-29 09:06:00,14.0,ALERTA,1.0838866666666558,2025-08-29 08:54:00,0.23960366666666655
2025-08-29 09:26:00,2025-08-29 09:32:00,6.0,ALERTA,0.8106599999999897,2025-08-29 09:26:00,-0.08387833333333283
2025-08-29 15:54:00,2025-08-29 16:06:00,12.0,ALERTA,0.9172599999999953,2025-08-29 16:00:00,-0.18106377777777816
2025-08-30 05:52:00,2025-08-30 05:52:00,0.0,ALERTA,1.1685033333333106,2025-08-30 05:52:00,0.0
2025-08-30 05:54:00,2025-08-30 06:08:00,14.0,ALARMA,1.947593333333364,2025-08-30 06:00:00,-0.4248960000000004
2025-08-30 22:20:00,2025-08-30 22:32:00,12.0,ALERTA,1.179956666666655,2025-08-30 22:22:00,-0.22737055555555497
2025-08-31 00:38:00,2025-08-31 00:50:00,12.0,ALERTA,0.8827333333333343,2025-08-31 00:44:00,0.17388355555555535
2025-08-31 10:42:00,2025-08-31 10:50:00,8.0,ALERTA,1.0184133333333012,2025-08-31 10:42:00,0.1304469999999993
2025-08-31 11:04:00,2025-08-31 11:16:00,12.0,ALERTA,0.8517999999999848,2025-08-31 11:06:00,-0.16848033333333134
2025-08-31 11:38:00,2025-08-31 11:48:00,10.0,ALERTA,0.9085066666666819,2025-08-31 11:38:00,0.1462322222222232
2025-08-31 12:28:00,2025-08-31 12:30:00,2.0,ALERTA,1.1826733333333728,2025-08-31 12:30:00,-0.03942244444444576
2025-08-31 12:32:00,2025-08-31 12:44:00,12.0,ALARMA,1.4411633333333462,2025-08-31 12:36:00,-0.2806473333333326
2025-08-31 17:16:00,2025-08-31 17:20:00,4.0,ALERTA,0.7133799999999546,2025-08-31 17:16:00,0.048544888888888416
2025-08-31 21:00:00,2025-08-31 21:12:00,12.0,ALERTA,0.8697933333333108,2025-08-31 21:00:00,-0.1646787777777785
2025-08-31 21:40:00,2025-08-31 21:56:00,16.0,ALERTA,1.1880599999999575,2025-08-31 21:44:00,0.30870899999999946
2025-08-31 22:54:00,2025-08-31 23:06:00,12.0,ALERTA,0.9236899999999881,2025-08-31 22:56:00,0.1781554444444433
2025-09-01 00:56:00,2025-09-01 01:10:00,14.0,ALERTA,1.145136666666664,2025-09-01 01:02:00,-0.24878999999999962
2025-09-01 08:46:00,2025-09-01 08:52:00,6.0,ALERTA,0.7836366666666539,2025-09-01 08:46:00,0.07879644444444356
2025-09-01 17:24:00,2025-09-01 17:36:00,12.0,ALARMA,1.3625333333333334,2025-09-01 17:28:00,-0.27175577777777793
2025-09-01 17:38:00,2025-09-01 17:40:00,2.0,ALERTA,1.182300000000005,2025-09-01 17:38:00,-0.037624777777777396
2025-09-01 19:44:00,2025-09-01 20:00:00,16.0,ALERTA,0.9367666666666885,2025-09-01 19:56:00,-0.24844211111111214
2025-09-01 20:22:00,2025-09-01 20:28:00,6.0,ALERTA,1.0896166666666574,2025-09-01 20:28:00,-0.0885988888888889
2025-09-01 20:30:00,2025-09-01 20:50:00,20.0,ALARMA,2.874420000000022,2025-09-01 20:34:00,-0.8700158888888883
2025-09-01 21:10:00,2025-09-01 21:22:00,12.0,ALERTA,0.8076299999999925,2025-09-01 21:18:00,-0.15685822222222257
2025-09-01 23:32:00,2025-09-01 23:44:00,12.0,ALERTA,0.7618300000000389,2025-09-01 23:34:00,-0.14471444444444437
2025-09-02 00:04:00,2025-09-02 00:16:00,12.0,ALERTA,1.2928766666666647,2025-09-02 00:08:00,0.23747044444444576
2025-09-02 01:12:00,2025-09-02 01:20:00,8.0,ALERTA,0.8002899999999791,2025-09-02 01:14:00,-0.11371977777777609
2025-09-02 01:46:00,2025-09-02 01:56:00,10.0,ALERTA,0.8043533333333563,2025-09-02 01:50:00,0.1315648888888905
2025-09-02 11:56:00,2025-09-02 12:12:00,16.0,ALERTA,0.9902100000000402,2025-09-02 12:00:00,-0.2588371111111112
2025-09-02 12:42:00,2025-09-02 13:00:00,18.0,ALERTA,1.274063333333384,2025-09-02 12:50:00,-0.33579555555555274
2025-09-02 14:26:00,2025-09-02 14:26:00,0.0,ALERTA,1.236836666666612,2025-09-02 14:26:00,0.0
2025-09-02 14:28:00,2025-09-02 14:44:00,16.0,ALARMA,1.6618133333333063,2025-09-02 14:36:00,-0.43563100000000077
2025-09-02 14:46:00,2025-09-02 14:48:00,2.0,ALERTA,1.1244666666666525,2025-09-02 14:46:00,-0.034081999999999724
2025-09-02 14:56:00,2025-09-02 15:00:00,4.0,ALERTA,1.2406633333333517,2025-09-02 15:00:00,0.08119433333333426
2025-09-02 15:02:00,2025-09-02 15:12:00,10.0,ALARMA,1.8423866666666555,2025-09-02 15:02:00,0.3040655555555549
2025-09-02 15:24:00,2025-09-02 15:38:00,14.0,ALARMA,1.9033500000000458,2025-09-02 15:28:00,-0.4325664444444435
2025-09-02 15:40:00,2025-09-02 15:40:00,0.0,ALERTA,1.103126666666654,2025-09-02 15:40:00,0.0
2025-09-02 16:08:00,2025-09-02 16:20:00,12.0,ALERTA,0.9094000000000158,2025-09-02 16:10:00,0.17658922222222273
2025-09-02 16:28:00,2025-09-02 16:44:00,16.0,ALERTA,1.1472800000000127,2025-09-02 16:28:00,0.28653899999999943
2025-09-02 17:00:00,2025-09-02 17:04:00,4.0,ALERTA,0.709793333333355,2025-09-02 17:00:00,0.05921911111111022
2025-09-02 17:32:00,2025-09-02 17:42:00,10.0,ALERTA,0.9280033333333471,2025-09-02 17:34:00,-0.1551715555555564
2025-09-02 18:52:00,2025-09-02 18:52:00,0.0,ALERTA,0.8225033333332554,2025-09-02 18:52:00,0.0
2025-09-02 18:54:00,2025-09-02 19:04:00,10.0,ALARMA,1.4507500000000384,2025-09-02 18:58:00,-0.24726522222222336
2025-09-02 19:06:00,2025-09-02 19:10:00,4.0,ALERTA,1.2300566666666235,2025-09-02 19:06:00,-0.058775555555556025
2025-09-02 19:26:00,2025-09-02 19:36:00,10.0,ALERTA,1.0947699999999472,2025-09-02 19:32:00,-0.17193966666666505
2025-09-02 20:06:00,2025-09-02 20:20:00,14.0,ALERTA,0.8935033333333209,2025-09-02 20:10:00,-0.2173375555555559
2025-09-02 20:46:00,2025-09-02 20:52:00,6.0,ALERTA,0.8248766666666363,2025-09-02 20:48:00,-0.0942076666666658
2025-09-02 21:08:00,2025-09-02 21:16:00,8.0,ALERTA,1.0118100000000219,2025-09-02 21:16:00,0.13086666666666602
2025-09-02 21:18:00,2025-09-02 21:30:00,12.0,ALARMA,1.9887233333333043,2025-09-02 21:18:00,0.36513799999999996
2025-09-02 21:32:00,2025-09-02 21:34:00,2.0,ALERTA,1.290433333333354,2025-09-02 21:32:00,0.03507355555555591
2025-09-02 21:42:00,2025-09-02 21:48:00,6.0,ALERTA,0.7780833333333881,2025-09-02 21:42:00,-0.090905111111109
2025-09-02 21:58:00,2025-09-02 22:04:00,6.0,ALERTA,1.0907466666666288,2025-09-02 22:04:00,-0.09443311111111186
2025-09-02 22:06:00,2025-09-02 22:22:00,16.0,ALARMA,2.732326666666669,2025-09-02 22:08:00,-0.655583666666665
2025-09-02 22:24:00,2025-09-02 22:24:00,0.0,ALERTA,1.1297366666666697,2025-09-02 22:24:00,0.0
2025-09-02 22:40:00,2025-09-02 22:54:00,14.0,ALERTA,1.250659999999968,2025-09-02 22:42:00,-0.23934377777777804
2025-09-03 06:24:00,2025-09-03 06:36:00,12.0,ALERTA,0.9578533333333361,2025-09-03 06:28:00,-0.1866732222222236
2025-09-03 07:46:00,2025-09-03 07:50:00,4.0,ALERTA,0.7130166666666149,2025-09-03 07:46:00,-0.04774677777777825
2025-09-04 03:16:00,2025-09-04 03:26:00,10.0,ALERTA,0.826920000000051,2025-09-04 03:20:00,-0.143881777777775
2025-09-04 05:06:00,2025-09-04 05:08:00,2.0,ALERTA,1.1602099999998217,2025-09-04 05:08:00,-0.03867366666666072
2025-09-04 05:10:00,2025-09-04 05:26:00,16.0,ALARMA,2.290306666666595,2025-09-04 05:16:00,-0.5475902222222224
2025-09-04 05:28:00,2025-09-04 05:30:00,2.0,ALERTA,1.071236666666593,2025-09-04 05:28:00,-0.03570788888888643
2025-09-04 05:36:00,2025-09-04 05:50:00,14.0,ALERTA,1.1940833333333956,2025-09-04 05:44:00,0.2502643333333374
2025-09-04 06:54:00,2025-09-04 06:58:00,4.0,ALERTA,1.0913400000000806,2025-09-04 06:58:00,0.06863611111111467
2025-09-04 07:00:00,2025-09-04 07:18:00,18.0,ALARMA,2.99131333333321,2025-09-04 07:06:00,0.7248893333333335
2025-09-04 07:20:00,2025-09-04 07:20:00,0.0,ALERTA,1.214830000000049,2025-09-04 07:20:00,0.0
2025-09-04 11:50:00,2025-09-04 12:04:00,14.0,ALERTA,0.9440799999999072,2025-09-04 11:56:00,-0.21823166666666793
2025-09-04 15:06:00,2025-09-04 15:40:00,34.0,ALARMA,3.5743400000000136,2025-09-04 15:20:00,-1.8083014444444423
2025-09-04 15:42:00,2025-09-04 15:44:00,2.0,ALERTA,0.7575600000000549,2025-09-04 15:42:00,-0.02525200000000183
2025-09-04 16:12:00,2025-09-04 16:14:00,2.0,ALERTA,1.093723333333223,2025-09-04 16:14:00,-0.03645744444444077
2025-09-04 16:16:00,2025-09-04 16:42:00,26.0,ALARMA,2.491836666666707,2025-09-04 16:28:00,-0.9372797777777748
2025-09-04 16:44:00,2025-09-04 16:46:00,2.0,ALERTA,1.1660833333334253,2025-09-04 16:44:00,-0.025969111111113108
2025-09-04 16:54:00,2025-09-04 16:56:00,2.0,ALERTA,1.1378333333333401,2025-09-04 16:56:00,0.037927777777778005
2025-09-04 16:58:00,2025-09-04 17:10:00,12.0,ALARMA,1.9093200000001076,2025-09-04 17:00:00,0.3671902222222201
2025-09-04 17:24:00,2025-09-04 17:24:00,0.0,ALERTA,0.7311766666667552,2025-09-04 17:24:00,0.0
2025-09-04 17:26:00,2025-09-04 17:42:00,16.0,ALARMA,2.890223333333388,2025-09-04 17:34:00,-0.7275118888888912
2025-09-04 17:58:00,2025-09-04 18:14:00,16.0,ALERTA,1.2219133333332621,2025-09-04 18:08:00,-0.28593133333333753
2025-09-04 18:58:00,2025-09-04 19:12:00,14.0,ALERTA,1.1432633333333797,2025-09-04 19:04:00,0.24873044444444403
2025-09-04 19:16:00,2025-09-04 19:16:00,0.0,ALERTA,0.7268533333333949,2025-09-04 19:16:00,0.0
2025-09-04 19:18:00,2025-09-04 19:34:00,16.0,ALARMA,1.973080000000067,2025-09-04 19:28:00,-0.46325411111111237
2025-09-04 19:36:00,2025-09-04 19:42:00,6.0,ALERTA,1.085579999999915,2025-09-04 19:36:00,-0.029899777777774972
2025-09-04 19:44:00,2025-09-04 20:02:00,18.0,ALARMA,3.429780000000058,2025-09-04 19:52:00,0.9056452222222227
2025-09-04 20:18:00,2025-09-04 20:18:00,0.0,ALERTA,0.8364166666666506,2025-09-04 20:18:00,0.0
2025-09-04 20:20:00,2025-09-04 20:36:00,16.0,ALARMA,2.62314333333336,2025-09-04 20:26:00,-0.6481351111111096
2025-09-04 20:38:00,2025-09-04 20:42:00,4.0,ALERTA,1.247700000000087,2025-09-04 20:38:00,-0.08066900000000032
2025-09-04 21:02:00,2025-09-04 21:34:00,32.0,ALERTA,1.1636466666665868,2025-09-04 21:20:00,-0.525802777777777
2025-09-04 23:54:00,2025-09-05 00:10:00,16.0,ALERTA,1.165276666666628,2025-09-04 23:58:00,0.30903855555555637
2025-09-05 07:00:00,2025-09-05 07:00:00,0.0,ALERTA,1.194520000000061,2025-09-05 07:00:00,0.0
2025-09-05 07:02:00,2025-09-05 07:08:00,6.0,ALARMA,1.3745366666666214,2025-09-05 07:04:00,0.13937833333333316
2025-09-05 07:10:00,2025-09-05 07:10:00,0.0,ALERTA,1.100996666666596,2025-09-05 07:10:00,0.0
2025-09-05 08:12:00,2025-09-05 08:24:00,12.0,ALERTA,0.8786066666667125,2025-09-05 08:18:00,-0.170386222222227
2025-09-05 11:56:00,2025-09-05 12:08:00,12.0,ALERTA,0.9647066666665438,2025-09-05 12:02:00,-0.18700833333332767
2025-09-05 12:26:00,2025-09-05 12:38:00,12.0,ALERTA,0.8546066666667684,2025-09-05 12:34:00,-0.17174777777777805
2025-09-05 12:54:00,2025-09-05 13:00:00,6.0,ALERTA,0.9258400000000222,2025-09-05 12:54:00,-0.08979822222222111
2025-09-05 13:20:00,2025-09-05 13:42:00,22.0,ALERTA,1.1481099999999955,2025-09-05 13:28:00,-0.35963500000000437
2025-09-05 20:32:00,2025-09-05 20:44:00,12.0,ALERTA,0.9707266666666925,2025-09-05 20:34:00,-0.1854742222222221
2025-09-05 23:54:00,2025-09-06 00:06:00,12.0,ALERTA,1.0987433333333385,2025-09-05 23:58:00,0.20156088888888846
2025-09-06 05:04:00,2025-09-06 05:24:00,20.0,ALARMA,2.6943399999998974,2025-09-06 05:14:00,0.7412526666666714
2025-09-06 05:26:00,2025-09-06 05:26:00,0.0,ALERTA,1.060306666666584,2025-09-06 05:26:00,0.0
2025-09-06 05:42:00,2025-09-06 06:02:00,20.0,ALERTA,1.2736433333332187,2025-09-06 06:02:00,-0.38475888888888576
2025-09-06 06:04:00,2025-09-06 06:26:00,22.0,ALARMA,3.3961599999999947,2025-09-06 06:14:00,-1.0620464444444444
2025-09-06 06:28:00,2025-09-06 06:34:00,6.0,ALERTA,1.1331399999999547,2025-09-06 06:28:00,-0.09929299999999941
2025-09-06 08:24:00,2025-09-06 08:36:00,12.0,ALARMA,1.4484666666668033,2025-09-06 08:28:00,0.2867556666666644
2025-09-06 08:46:00,2025-09-06 08:52:00,6.0,ALERTA,0.739523333333274,2025-09-06 08:46:00,-0.07160000000000011
2025-09-06 09:34:00,2025-09-06 09:36:00,2.0,ALERTA,1.0136233333333777,2025-09-06 09:36:00,-0.033787444444445924
2025-09-06 09:38:00,2025-09-06 09:50:00,12.0,ALARMA,1.944973333333344,2025-09-06 09:42:00,-0.3615608888888886
2025-09-06 09:52:00,2025-09-06 09:54:00,2.0,ALERTA,1.2094000000000094,2025-09-06 09:52:00,-0.033409333333334956
2025-09-06 10:08:00,2025-09-06 10:12:00,4.0,ALERTA,0.7937300000000747,2025-09-06 10:12:00,-0.047367999999998744
2025-09-06 10:14:00,2025-09-06 10:20:00,6.0,ALARMA,1.4274399999998977,2025-09-06 10:16:00,-0.15599711111110892
2025-09-06 10:22:00,2025-09-06 10:30:00,8.0,ALERTA,1.247990000000101,2025-09-06 10:22:00,-0.14233044444444332
2025-09-06 10:58:00,2025-09-06 11:16:00,18.0,ALERTA,1.0494733333334594,2025-09-06 11:02:00,-0.30850944444444295
2025-09-06 12:08:00,2025-09-06 12:14:00,6.0,ALERTA,1.2933966666666308,2025-09-06 12:14:00,0.11348399999999614
2025-09-06 12:16:00,2025-09-06 12:24:00,8.0,ALARMA,1.6018533333332385,2025-09-06 12:20:00,0.21539666666666335
2025-09-06 12:26:00,2025-09-06 12:32:00,6.0,ALERTA,1.0385833333333494,2025-09-06 12:26:00,0.09619688888889044
2025-09-06 12:54:00,2025-09-06 12:56:00,2.0,ALERTA,0.7112866666665596,2025-09-06 12:54:00,-0.020705555555554866
2025-09-06 13:08:00,2025-09-06 13:08:00,0.0,ALERTA,1.1812833333332051,2025-09-06 13:08:00,0.0
2025-09-06 13:10:00,2025-09-06 13:20:00,10.0,ALARMA,1.5292400000000583,2025-09-06 13:14:00,0.24636033333333174
2025-09-06 13:22:00,2025-09-06 13:24:00,2.0,ALERTA,1.0043400000000702,2025-09-06 13:22:00,0.02641711111111178
2025-09-06 13:34:00,2025-09-06 13:54:00,20.0,ALERTA,1.287756666666695,2025-09-06 13:46:00,-0.3857544444444372
2025-09-06 17:56:00,2025-09-06 18:12:00,16.0,ALERTA,1.197368333333415,2025-09-06 18:04:00,-0.31435266666666806
2025-09-06 19:22:00,2025-09-06 19:30:00,8.0,ALERTA,0.7480466666665819,2025-09-06 19:24:00,-0.09961455555555432
2025-09-06 20:22:00,2025-09-06 20:28:00,6.0,ALERTA,0.7643000000001976,2025-09-06 20:24:00,-0.07914966666666245
2025-09-06 21:22:00,2025-09-06 21:36:00,14.0,ALERTA,1.2141300000000044,2025-09-06 21:28:00,-0.2625051111111141
2025-09-07 00:54:00,2025-09-07 00:56:00,2.0,ALERTA,0.9994047311827714,2025-09-07 00:56:00,-0.03331349103942571
2025-09-07 00:58:00,2025-09-07 01:14:00,16.0,ALARMA,2.344373655914005,2025-09-07 01:06:00,-0.5195870394265256
2025-09-07 01:16:00,2025-09-07 01:20:00,4.0,ALERTA,1.2737533333332607,2025-09-07 01:16:00,-0.06200155555555753
2025-09-07 01:30:00,2025-09-07 01:36:00,6.0,ALERTA,0.9038166666665859,2025-09-07 01:30:00,0.08747222222222106
2025-09-07 03:26:00,2025-09-07 03:32:00,6.0,ALERTA,0.7490533333331939,2025-09-07 03:28:00,0.0749053333333407
2025-09-07 03:42:00,2025-09-07 03:50:00,8.0,ALERTA,0.8934033333332536,2025-09-07 03:44:00,-0.12170877777777989
2025-09-07 04:44:00,2025-09-07 05:06:00,22.0,ALERTA,1.2011099999998365,2025-09-07 04:54:00,-0.3689793333333391
2025-09-07 06:12:00,2025-09-07 06:22:00,10.0,ALERTA,1.1757466666665195,2025-09-07 06:16:00,0.19394155555555415
2025-09-07 14:00:00,2025-09-07 14:10:00,10.0,ALERTA,0.9170033333331418,2025-09-07 14:02:00,-0.15282988888889193
2025-09-07 16:20:00,2025-09-07 16:26:00,6.0,ALARMA,1.3028300000000925,2025-09-07 16:22:00,-0.13970855555555772
2025-09-07 16:28:00,2025-09-07 16:36:00,8.0,ALERTA,1.2142000000000408,2025-09-07 16:28:00,-0.11216611111110808
2025-09-07 21:32:00,2025-09-07 21:42:00,10.0,ALERTA,1.106453333333377,2025-09-07 21:36:00,-0.17473188888888558
2025-09-09 05:24:00,2025-09-09 05:26:00,2.0,ALERTA,1.1893333333330247,2025-09-09 05:26:00,-0.03964444444443416
2025-09-09 05:28:00,2025-09-09 05:40:00,12.0,ALARMA,1.6976266666665651,2025-09-09 05:34:00,-0.33411933333333366
2025-09-09 05:42:00,2025-09-09 05:48:00,6.0,ALERTA,1.2029633333333578,2025-09-09 05:42:00,-0.08098688888888717
2025-09-09 17:36:00,2025-09-09 17:48:00,12.0,ALERTA,0.8324333333334977,2025-09-09 17:40:00,-0.16437788888889315
2025-09-09 20:02:00,2025-09-09 20:14:00,12.0,ALERTA,0.7888399999999507,2025-09-09 20:06:00,0.15616377777777757
2025-09-09 20:28:00,2025-09-09 20:34:00,6.0,ALERTA,0.7484066666667388,2025-09-09 20:30:00,-0.07752233333333436
2025-09-10 01:18:00,2025-09-10 01:24:00,6.0,ALERTA,0.7598233333335003,2025-09-10 01:18:00,-0.08056122222222228
2025-09-10 07:42:00,2025-09-10 07:54:00,12.0,ALERTA,1.024273333333241,2025-09-10 07:42:00,-0.19999077777777075
2025-09-10 17:02:00,2025-09-10 17:08:00,6.0,ALERTA,0.7367433333333651,2025-09-10 17:04:00,-0.07553011111110663
2025-09-10 20:42:00,2025-09-10 20:56:00,14.0,ALERTA,1.0965733333335947,2025-09-10 20:48:00,-0.23937611111111323
2025-09-11 09:02:00,2025-09-11 09:26:00,24.0,ALERTA,1.0026700000002364,2025-09-11 09:20:00,0.3728104444444469
2025-09-11 10:24:00,2025-09-11 10:38:00,14.0,ALERTA,1.223323333333326,2025-09-11 10:28:00,0.2677575555555478
2025-09-11 13:46:00,2025-09-11 14:02:00,16.0,ALARMA,1.7736066666665806,2025-09-11 13:50:00,0.46213777777777665
2025-09-12 21:44:00,2025-09-12 21:54:00,10.0,ALERTA,0.9324633333331178,2025-09-12 21:46:00,-0.1461926666666642
2025-09-13 02:08:00,2025-09-13 02:20:00,12.0,ALERTA,0.8496999999999844,2025-09-13 02:12:00,-0.17067533333332818
2025-09-13 03:02:00,2025-09-13 03:16:00,14.0,ALARMA,1.5045933333332329,2025-09-13 03:10:00,-0.3387205555555539
2025-09-13 03:18:00,2025-09-13 03:24:00,6.0,ALERTA,1.2188466666667352,2025-09-13 03:18:00,-0.07502744444444431
2025-09-13 09:54:00,2025-09-13 10:10:00,16.0,ALERTA,1.1329800000001455,2025-09-13 09:58:00,0.28462488888888515
2025-09-14 00:02:00,2025-09-14 00:10:00,8.0,ALARMA,1.3483300000000042,2025-09-14 00:06:00,-0.1819765555555577
2025-09-14 00:12:00,2025-09-14 00:18:00,6.0,ALERTA,1.2873333333332937,2025-09-14 00:12:00,-0.08445277777777704
2025-09-14 23:14:00,2025-09-14 23:22:00,8.0,ALERTA,0.7763266666668045,2025-09-14 23:14:00,-0.10047644444443904
2025-09-15 07:22:00,2025-09-15 07:32:00,10.0,ALERTA,0.8260233333332678,2025-09-15 07:26:00,0.13493566666666368
2025-09-15 08:08:00,2025-09-15 08:18:00,10.0,ALERTA,0.9588866666667428,2025-09-15 08:12:00,-0.15928788888889045
2025-09-15 22:28:00,2025-09-15 22:34:00,6.0,ALERTA,0.762813333333412,2025-09-15 22:28:00,-0.07710022222221369
2025-09-16 05:42:00,2025-09-16 05:52:00,10.0,ALERTA,0.979246666666711,2025-09-16 05:46:00,0.15007444444444928
2025-09-16 06:36:00,2025-09-16 06:42:00,6.0,ALERTA,0.7244766666670444,2025-09-16 06:38:00,-0.07413844444445061
2025-09-17 03:32:00,2025-09-17 03:38:00,6.0,ALERTA,0.7106499999999727,2025-09-17 03:34:00,-0.07529711111111936
2025-09-17 05:02:00,2025-09-17 05:06:00,4.0,ALERTA,0.7445133333333587,2025-09-17 05:02:00,-0.04963422222222391
2025-09-17 14:20:00,2025-09-17 14:34:00,14.0,ALERTA,1.12420333333354,2025-09-17 14:30:00,0.258615666666671
2025-09-17 14:50:00,2025-09-17 15:02:00,12.0,ALERTA,0.8726733333331538,2025-09-17 14:58:00,-0.1666321111111131
2025-09-19 16:36:00,2025-09-19 16:36:00,0.0,ALERTA,1.219696666666934,2025-09-19 16:36:00,0.0
2025-09-19 16:38:00,2025-09-19 16:52:00,14.0,ALARMA,1.414436666666603,2025-09-19 16:40:00,-0.32422766666665837
2025-09-19 16:54:00,2025-09-19 17:06:00,12.0,ALERTA,0.9547300000001968,2025-09-19 16:54:00,-0.15704566666666864
2025-09-20 08:04:00,2025-09-20 08:16:00,12.0,ALERTA,0.748836666666719,2025-09-20 08:04:00,-0.1459028888888838
2025-09-20 10:54:00,2025-09-20 10:58:00,4.0,ALERTA,0.7163633333334474,2025-09-20 10:54:00,-0.04780422222222569
2025-09-23 19:54:00,2025-09-23 20:10:00,16.0,ALERTA,1.2127066666666764,2025-09-23 19:58:00,-0.28780522222221805
2025-09-24 01:44:00,2025-09-24 01:54:00,10.0,ALERTA,0.8805066666663919,2025-09-24 01:48:00,-0.1418252222222236
2025-09-25 13:14:00,2025-09-25 13:22:00,8.0,ALERTA,0.7136766666666006,2025-09-25 13:14:00,-0.09538455555555458
2025-09-25 17:28:00,2025-09-25 18:12:00,44.0,ALARMA,7.490983333333148,2025-09-25 17:40:00,-3.033855444444441
2025-09-25 18:14:00,2025-09-25 18:26:00,12.0,ALERTA,0.9014366666668394,2025-09-25 18:14:00,-0.15776222222222458
2025-09-25 19:00:00,2025-09-25 19:30:00,30.0,ALERTA,0.904350000000349,2025-09-25 19:22:00,-0.399360333333334
2025-09-26 00:48:00,2025-09-26 01:00:00,12.0,ALERTA,0.8615499999999088,2025-09-26 00:52:00,-0.16312600000000543
2025-09-26 17:34:00,2025-09-26 17:38:00,4.0,ALERTA,1.2605033333332472,2025-09-26 17:36:00,0.08403355555554981
2025-09-26 17:40:00,2025-09-26 17:48:00,8.0,ALARMA,1.510643333333519,2025-09-26 17:44:00,0.2014687777777695
2025-09-26 17:50:00,2025-09-26 17:52:00,2.0,ALERTA,0.9429300000001462,2025-09-26 17:50:00,0.02468488888888487
2025-09-26 22:48:00,2025-09-26 23:02:00,14.0,ALERTA,1.1093766666666482,2025-09-26 22:50:00,-0.23922122222221986
2025-09-27 07:40:00,2025-09-27 07:44:00,4.0,ALERTA,0.7647166666667005,2025-09-27 07:42:00,-0.04848944444444925
2025-09-27 08:02:00,2025-09-27 08:28:00,26.0,ALERTA,1.0307433333335325,2025-09-27 08:14:00,0.3990570000000062
2025-09-27 16:04:00,2025-09-27 16:16:00,12.0,ALERTA,1.1440899999998067,2025-09-27 16:12:00,-0.20877877777777343
2025-09-27 16:24:00,2025-09-27 16:34:00,10.0,ALERTA,0.9055600000000652,2025-09-27 16:28:00,-0.1545856666666694
2025-09-27 16:54:00,2025-09-27 16:56:00,2.0,ALERTA,1.1589700000001812,2025-09-27 16:56:00,-0.038632333333339375
2025-09-27 16:58:00,2025-09-27 17:04:00,6.0,ALARMA,1.4223466666666695,2025-09-27 17:00:00,-0.14249911111111402
2025-09-27 17:06:00,2025-09-27 17:08:00,2.0,ALERTA,1.2728900000001175,2025-09-27 17:06:00,-0.029885222222219454
2025-09-27 17:22:00,2025-09-27 17:22:00,0.0,ALERTA,0.8023066666664391,2025-09-27 17:22:00,0.0
2025-09-27 17:24:00,2025-09-27 17:40:00,16.0,ALARMA,1.8346299999998195,2025-09-27 17:34:00,-0.4325574999999944
2025-09-27 17:42:00,2025-09-27 17:46:00,4.0,ALERTA,0.8739199999997993,2025-09-27 17:42:00,-0.052543222222226404
2025-09-27 19:54:00,2025-09-27 20:00:00,6.0,ALERTA,0.720940000000212,2025-09-27 19:56:00,-0.07420777777777943
2025-09-27 22:44:00,2025-09-27 22:44:00,0.0,ALERTA,1.280403333333311,2025-09-27 22:44:00,0.0
2025-09-27 22:46:00,2025-09-27 22:54:00,8.0,ALARMA,1.4676799999998735,2025-09-27 22:48:00,-0.18954177777776948
2025-09-27 22:56:00,2025-09-27 23:00:00,4.0,ALERTA,1.214776666666566,2025-09-27 22:56:00,-0.057949999999991064
2025-09-27 23:28:00,2025-09-27 23:34:00,6.0,ALERTA,1.1751033333333538,2025-09-27 23:32:00,0.11559800000000564
2025-09-27 23:36:00,2025-09-27 23:42:00,6.0,ALARMA,1.478143333333506,2025-09-27 23:36:00,0.14430744444444343
2025-09-27 23:44:00,2025-09-27 23:44:00,0.0,ALERTA,0.8621466666664901,2025-09-27 23:44:00,0.0
2025-09-28 06:00:00,2025-09-28 06:10:00,10.0,ALERTA,0.7337966666667484,2025-09-28 06:02:00,-0.12379744444444896
2025-09-28 07:16:00,2025-09-28 07:30:00,14.0,ALERTA,1.1124266666668348,2025-09-28 07:18:00,-0.2527936666666619
2025-09-28 09:12:00,2025-09-28 09:28:00,16.0,ALERTA,0.9728499999998519,2025-09-28 09:18:00,0.2560373333333317
2025-09-29 11:16:00,2025-09-29 11:22:00,6.0,ALERTA,0.8374800000001414,2025-09-29 11:16:00,0.08356477777777371
2025-10-01 20:38:00,2025-10-01 20:48:00,10.0,ALERTA,0.8573533333336769,2025-10-01 20:44:00,-0.1434732222222337
2025-10-01 21:18:00,2025-10-01 21:42:00,24.0,ALERTA,0.8671566666664177,2025-10-01 21:22:00,-0.33898122222223037
2025-10-02 09:00:00,2025-10-02 09:04:00,4.0,ALERTA,0.7284266666666639,2025-10-02 09:00:00,0.049072111111115646
2025-10-03 21:34:00,2025-10-03 21:50:00,16.0,ALERTA,1.0278933333332674,2025-10-03 21:38:00,0.26441766666667377
2025-10-03 22:38:00,2025-10-03 22:42:00,4.0,ALERTA,0.7054899999999975,2025-10-03 22:38:00,-0.04792022222222414
2025-10-05 20:12:00,2025-10-05 20:12:00,0.0,ALERTA,1.0003766666666536,2025-10-05 20:12:00,0.0
2025-10-05 20:14:00,2025-10-05 20:24:00,10.0,ALARMA,1.3723616666668903,2025-10-05 20:14:00,-0.23228722222221165
2025-10-05 20:26:00,2025-10-05 20:26:00,0.0,ALERTA,0.8776100000000753,2025-10-05 20:26:00,0.0
2025-10-05 20:50:00,2025-10-05 20:54:00,4.0,ALERTA,0.7033433333332795,2025-10-05 20:50:00,-0.04688955555555907
2025-10-06 01:44:00,2025-10-06 01:58:00,14.0,ALERTA,1.0209666666666806,2025-10-06 01:48:00,-0.2269856666666641
2025-10-06 08:04:00,2025-10-06 08:14:00,10.0,ALERTA,0.9294499999998607,2025-10-06 08:04:00,0.1488989999999859
2025-10-06 19:52:00,2025-10-06 19:56:00,4.0,ALERTA,1.2467800000001716,2025-10-06 19:56:00,-0.08239944444444802
2025-10-06 19:58:00,2025-10-06 20:08:00,10.0,ALARMA,1.649616666666489,2025-10-06 20:04:00,-0.27718733333331613
2025-10-06 20:10:00,2025-10-06 20:14:00,4.0,ALERTA,1.1930833333337887,2025-10-06 20:10:00,-0.06407511111110864
2025-10-07 06:56:00,2025-10-07 06:58:00,2.0,ALERTA,0.7015733333332719,2025-10-07 06:56:00,-0.022149888888904457
2025-10-08 05:44:00,2025-10-08 05:50:00,6.0,ALERTA,0.7067099999999016,2025-10-08 05:46:00,0.07067099999999016
2025-10-08 07:20:00,2025-10-08 07:32:00,12.0,ALERTA,0.9462999999999511,2025-10-08 07:20:00,0.18179588888889953
2025-10-08 10:38:00,2025-10-08 10:54:00,16.0,ALERTA,1.0869600000003743,2025-10-08 10:42:00,0.27097600000000455
2025-10-08 22:36:00,2025-10-08 22:46:00,10.0,ALERTA,0.7713066666669022,2025-10-08 22:36:00,-0.1260562222222319
2025-10-09 01:52:00,2025-10-09 02:00:00,8.0,ALERTA,0.7485966666666855,2025-10-09 01:54:00,0.09977055555555125
2025-10-09 02:34:00,2025-10-09 02:44:00,10.0,ALERTA,0.8563733333333801,2025-10-09 02:38:00,0.1380224444444309
2025-10-09 03:00:00,2025-10-09 03:16:00,16.0,ALERTA,1.2166333333331636,2025-10-09 03:06:00,-0.30121688888887377
2025-10-11 06:52:00,2025-10-11 07:04:00,12.0,ALERTA,0.9528099999997153,2025-10-11 06:54:00,-0.1758696666666424
2025-10-11 09:24:00,2025-10-11 09:38:00,14.0,ALERTA,1.0293833333331293,2025-10-11 09:28:00,0.2351058888888815
2025-10-11 19:44:00,2025-10-11 19:58:00,14.0,ALERTA,1.1054999999996085,2025-10-11 19:46:00,-0.2237001111111141
2025-10-11 20:18:00,2025-10-11 20:32:00,14.0,ALERTA,1.049600000000055,2025-10-11 20:20:00,-0.23095588888888585
2025-10-11 21:36:00,2025-10-11 21:46:00,10.0,ALERTA,0.9468099999999424,2025-10-11 21:38:00,0.16193411111109413
2025-10-11 23:58:00,2025-10-12 00:02:00,4.0,ALERTA,0.6999966666670332,2025-10-11 23:58:00,0.04680555555555088
2025-10-12 00:46:00,2025-10-12 00:50:00,4.0,ALERTA,0.7234966666665343,2025-10-12 00:48:00,-0.04729888888887501
2025-10-12 10:16:00,2025-10-12 10:26:00,10.0,ALERTA,0.8398933333336345,2025-10-12 10:22:00,0.13979066666668416
2025-10-12 20:10:00,2025-10-12 20:16:00,6.0,ALERTA,0.7524866666666696,2025-10-12 20:12:00,-0.08142666666667253
2025-10-14 00:42:00,2025-10-14 00:44:00,2.0,ALERTA,1.1175000000000068,2025-10-14 00:44:00,-0.03725000000000023
2025-10-14 00:46:00,2025-10-14 00:56:00,10.0,ALARMA,1.3578533333330256,2025-10-14 00:48:00,-0.22794577777776226
2025-10-14 00:58:00,2025-10-14 00:58:00,0.0,ALERTA,1.1712366666671414,2025-10-14 00:58:00,0.0
2025-10-14 07:52:00,2025-10-14 08:00:00,8.0,ALERTA,0.7946266666664314,2025-10-14 07:54:00,-0.10673188888890195
2025-10-15 06:16:00,2025-10-15 06:30:00,14.0,ALERTA,1.188279999999935,2025-10-15 06:22:00,-0.2619893333333323
2025-10-16 04:20:00,2025-10-16 04:30:00,10.0,ALERTA,0.8498633333331895,2025-10-16 04:24:00,-0.13873788888886907
2025-10-16 08:16:00,2025-10-16 08:30:00,14.0,ALARMA,1.6160833333333358,2025-10-16 08:16:00,0.3759816666666467
2025-10-16 08:32:00,2025-10-16 08:32:00,0.0,ALERTA,1.1585733333335213,2025-10-16 08:32:00,0.0
2025-10-16 08:40:00,2025-10-16 08:48:00,8.0,ALERTA,0.8072933333336607,2025-10-16 08:42:00,-0.11350688888889238
2025-10-16 10:30:00,2025-10-16 10:38:00,8.0,ALERTA,0.9352866666664283,2025-10-16 10:32:00,0.1243997777777821
2025-10-16 22:12:00,2025-10-16 22:16:00,4.0,ALERTA,0.7120233333333204,2025-10-16 22:12:00,0.04753266666665468
2025-10-17 09:30:00,2025-10-17 09:32:00,2.0,ALERTA,1.2790150000002143,2025-10-17 09:32:00,0.042633833333340476
2025-10-17 09:34:00,2025-10-17 09:42:00,8.0,ALARMA,1.4716333333331022,2025-10-17 09:38:00,0.1944867777777688
2025-10-17 09:44:00,2025-10-17 09:44:00,0.0,ALERTA,1.0787966666669035,2025-10-17 09:44:00,0.0
